Campaign,Ad Group,Keyword,Match Type,Status,Avg. monthly searches (Keyword Planner)
UK | Search | Cast Iron Radiators | AI Max,01 - Cast Iron Radiators (Core),cast iron radiators,Exact,Enabled,12100
UK | Search | Cast Iron Radiators | AI Max,01 - Cast Iron Radiators (Core),cast iron radiator,Exact,Enabled,2400
UK | Search | Cast Iron Radiators | AI Max,01 - Cast Iron Radiators (Core),cast iron rads,Exact,Enabled,2400
UK | Search | Cast Iron Radiators | AI Max,01 - Cast Iron Radiators (Core),cast iron rad,Exact,Enabled,2400
UK | Search | Cast Iron Radiators | AI Max,01 - Cast Iron Radiators (Core),iron radiator,Exact,Enabled,480
UK | Search | Cast Iron Radiators | AI Max,01 - Cast Iron Radiators (Core),iron radiators,Exact,Enabled,480
UK | Search | Cast Iron Radiators | AI Max,01 - Cast Iron Radiators (Core),cast iron radiators,Phrase,Enabled,12100
UK | Search | Cast Iron Radiators | AI Max,01 - Cast Iron Radiators (Core),cast iron radiator,Phrase,Enabled,2400
UK | Search | Cast Iron Radiators | AI Max,01 - Cast Iron Radiators (Core),cast iron rads,Phrase,Enabled,2400
UK | Search | Cast Iron Radiators | AI Max,01 - Cast Iron Radiators (Core),iron radiators,Phrase,Enabled,480
UK | Search | Cast Iron Radiators | AI Max,01 - Cast Iron Radiators (Core),cast iron radiator heater,Phrase,Enabled,2400
UK | Search | Cast Iron Radiators | AI Max,01 - Cast Iron Radiators (Core),wrought iron radiators,Phrase,Enabled,90
UK | Search | Cast Iron Radiators | AI Max,01 - Cast Iron Radiators (Core),cast iron heaters,Phrase,Enabled,40
UK | Search | Cast Iron Radiators | AI Max,01 - Cast Iron Radiators (Core),cast iron central heating radiators,Phrase,Enabled,10
UK | Search | Cast Iron Radiators | AI Max,02 - Cast Iron Radiators For Sale (Buy),cast iron radiators for sale,Exact,Enabled,320
UK | Search | Cast Iron Radiators | AI Max,02 - Cast Iron Radiators For Sale (Buy),cast iron rads for sale,Exact,Enabled,320
UK | Search | Cast Iron Radiators | AI Max,02 - Cast Iron Radiators For Sale (Buy),cast iron radiators near me,Exact,Enabled,110
UK | Search | Cast Iron Radiators | AI Max,02 - Cast Iron Radiators For Sale (Buy),buy cast iron radiators,Exact,Enabled,20
UK | Search | Cast Iron Radiators | AI Max,02 - Cast Iron Radiators For Sale (Buy),cast iron radiators for sale,Phrase,Enabled,320
UK | Search | Cast Iron Radiators | AI Max,02 - Cast Iron Radiators For Sale (Buy),cast iron radiator for sale,Phrase,Enabled,320
UK | Search | Cast Iron Radiators | AI Max,02 - Cast Iron Radiators For Sale (Buy),cast iron rads for sale,Phrase,Enabled,320
UK | Search | Cast Iron Radiators | AI Max,02 - Cast Iron Radiators For Sale (Buy),buy cast iron radiator,Phrase,Enabled,20
UK | Search | Cast Iron Radiators | AI Max,02 - Cast Iron Radiators For Sale (Buy),cast iron radiators near me,Phrase,Enabled,110
UK | Search | Cast Iron Radiators | AI Max,02 - Cast Iron Radiators For Sale (Buy),cheap cast iron radiators,Phrase,Enabled,110
UK | Search | Cast Iron Radiators | AI Max,02 - Cast Iron Radiators For Sale (Buy),affordable cast iron radiators,Phrase,Enabled,10
UK | Search | Cast Iron Radiators | AI Max,02 - Cast Iron Radiators For Sale (Buy),iron radiators for sale,Phrase,Enabled,10
UK | Search | Cast Iron Radiators | AI Max,02 - Cast Iron Radiators For Sale (Buy),trade cast iron radiators,Phrase,Enabled,10
UK | Search | Cast Iron Radiators | AI Max,02 - Cast Iron Radiators For Sale (Buy),cast iron radiators price,Phrase,Enabled,0
UK | Search | Cast Iron Radiators | AI Max,03 - Vintage & Traditional Cast Iron,vintage radiators,Exact,Enabled,1300
UK | Search | Cast Iron Radiators | AI Max,03 - Vintage & Traditional Cast Iron,ornate cast iron radiators,Exact,Enabled,90
UK | Search | Cast Iron Radiators | AI Max,03 - Vintage & Traditional Cast Iron,vintage cast iron radiators,Phrase,Enabled,1300
UK | Search | Cast Iron Radiators | AI Max,03 - Vintage & Traditional Cast Iron,vintage radiators,Phrase,Enabled,1300
UK | Search | Cast Iron Radiators | AI Max,03 - Vintage & Traditional Cast Iron,antique cast iron radiators,Phrase,Enabled,30
UK | Search | Cast Iron Radiators | AI Max,03 - Vintage & Traditional Cast Iron,traditional cast iron radiators,Phrase,Enabled,0
UK | Search | Cast Iron Radiators | AI Max,03 - Vintage & Traditional Cast Iron,victorian cast iron radiators,Phrase,Enabled,0
UK | Search | Cast Iron Radiators | AI Max,03 - Vintage & Traditional Cast Iron,ornate cast iron radiators,Phrase,Enabled,90
UK | Search | Cast Iron Radiators | AI Max,03 - Vintage & Traditional Cast Iron,ornate radiators,Phrase,Enabled,50
UK | Search | Cast Iron Radiators | AI Max,03 - Vintage & Traditional Cast Iron,decorative cast iron radiators,Phrase,Enabled,50
UK | Search | Cast Iron Radiators | AI Max,03 - Vintage & Traditional Cast Iron,period cast iron radiators,Phrase,Enabled,10
UK | Search | Cast Iron Radiators | AI Max,03 - Vintage & Traditional Cast Iron,reproduction cast iron radiators,Phrase,Enabled,20
UK | Search | Cast Iron Radiators | AI Max,03 - Vintage & Traditional Cast Iron,replica cast iron radiators,Phrase,Enabled,70
UK | Search | Cast Iron Radiators | AI Max,03 - Vintage & Traditional Cast Iron,classic cast iron radiators,Phrase,Enabled,10
UK | Search | Cast Iron Radiators | AI Max,03 - Vintage & Traditional Cast Iron,original cast iron radiators,Phrase,Enabled,20
UK | Search | Cast Iron Radiators | AI Max,04 - Cast Iron Radiators By Colour,black cast iron radiator,Exact,Enabled,390
UK | Search | Cast Iron Radiators | AI Max,04 - Cast Iron Radiators By Colour,white cast iron radiators,Exact,Enabled,260
UK | Search | Cast Iron Radiators | AI Max,04 - Cast Iron Radiators By Colour,black cast iron radiators,Phrase,Enabled,390
UK | Search | Cast Iron Radiators | AI Max,04 - Cast Iron Radiators By Colour,cast iron radiator black,Phrase,Enabled,390
UK | Search | Cast Iron Radiators | AI Max,04 - Cast Iron Radiators By Colour,matt black cast iron radiator,Phrase,Enabled,20
UK | Search | Cast Iron Radiators | AI Max,04 - Cast Iron Radiators By Colour,white cast iron radiators,Phrase,Enabled,260
UK | Search | Cast Iron Radiators | AI Max,04 - Cast Iron Radiators By Colour,cast iron white radiator,Phrase,Enabled,260
UK | Search | Cast Iron Radiators | AI Max,04 - Cast Iron Radiators By Colour,grey cast iron radiator,Phrase,Enabled,20
UK | Search | Cast Iron Radiators | AI Max,04 - Cast Iron Radiators By Colour,anthracite cast iron radiator,Phrase,Enabled,20
UK | Search | Cast Iron Radiators | AI Max,04 - Cast Iron Radiators By Colour,cream cast iron radiator,Phrase,Enabled,20
UK | Search | Cast Iron Radiators | AI Max,04 - Cast Iron Radiators By Colour,brass cast iron radiator,Phrase,Enabled,40
UK | Search | Cast Iron Radiators | AI Max,04 - Cast Iron Radiators By Colour,bronze cast iron radiators,Phrase,Enabled,20
UK | Search | Cast Iron Radiators | AI Max,04 - Cast Iron Radiators By Colour,polished cast iron radiator,Phrase,Enabled,10
UK | Search | Cast Iron Radiators | AI Max,04 - Cast Iron Radiators By Colour,chrome cast iron radiator,Phrase,Enabled,10
UK | Search | Cast Iron Radiators | AI Max,04 - Cast Iron Radiators By Colour,gunmetal grey cast iron radiator,Phrase,Enabled,10
UK | Search | Cast Iron Radiators | AI Max,04 - Cast Iron Radiators By Colour,pewter cast iron radiators,Phrase,Enabled,10
UK | Search | Cast Iron Radiators | AI Max,04 - Cast Iron Radiators By Colour,coloured cast iron radiators,Phrase,Enabled,0
UK | Search | Cast Iron Radiators | AI Max,05 - Cast Iron Radiators By Size & Fit,tall cast iron radiators,Exact,Enabled,210
UK | Search | Cast Iron Radiators | AI Max,05 - Cast Iron Radiators By Size & Fit,wall mounted cast iron radiators,Exact,Enabled,170
UK | Search | Cast Iron Radiators | AI Max,05 - Cast Iron Radiators By Size & Fit,small cast iron radiator,Exact,Enabled,140
UK | Search | Cast Iron Radiators | AI Max,05 - Cast Iron Radiators By Size & Fit,tall cast iron radiators,Phrase,Enabled,210
UK | Search | Cast Iron Radiators | AI Max,05 - Cast Iron Radiators By Size & Fit,small cast iron radiators,Phrase,Enabled,140
UK | Search | Cast Iron Radiators | AI Max,05 - Cast Iron Radiators By Size & Fit,wall mounted cast iron radiators,Phrase,Enabled,170
UK | Search | Cast Iron Radiators | AI Max,05 - Cast Iron Radiators By Size & Fit,cast iron wall radiators,Phrase,Enabled,20
UK | Search | Cast Iron Radiators | AI Max,05 - Cast Iron Radiators By Size & Fit,slim cast iron radiators,Phrase,Enabled,90
UK | Search | Cast Iron Radiators | AI Max,05 - Cast Iron Radiators By Size & Fit,slimline cast iron radiators,Phrase,Enabled,20
UK | Search | Cast Iron Radiators | AI Max,05 - Cast Iron Radiators By Size & Fit,narrow cast iron radiator,Phrase,Enabled,50
UK | Search | Cast Iron Radiators | AI Max,05 - Cast Iron Radiators By Size & Fit,thin cast iron radiators,Phrase,Enabled,40
UK | Search | Cast Iron Radiators | AI Max,05 - Cast Iron Radiators By Size & Fit,low cast iron radiators,Phrase,Enabled,50
UK | Search | Cast Iron Radiators | AI Max,05 - Cast Iron Radiators By Size & Fit,low level cast iron radiators,Phrase,Enabled,10
UK | Search | Cast Iron Radiators | AI Max,05 - Cast Iron Radiators By Size & Fit,low profile cast iron radiator,Phrase,Enabled,10
UK | Search | Cast Iron Radiators | AI Max,05 - Cast Iron Radiators By Size & Fit,large cast iron radiators,Phrase,Enabled,30
UK | Search | Cast Iron Radiators | AI Max,05 - Cast Iron Radiators By Size & Fit,long cast iron radiators,Phrase,Enabled,40
UK | Search | Cast Iron Radiators | AI Max,05 - Cast Iron Radiators By Size & Fit,curved cast iron radiator,Phrase,Enabled,40
UK | Search | Cast Iron Radiators | AI Max,05 - Cast Iron Radiators By Size & Fit,column cast iron radiators,Phrase,Enabled,0
UK | Search | Cast Iron Radiators | AI Max,05 - Cast Iron Radiators By Size & Fit,2 column cast iron radiators,Phrase,Enabled,0
UK | Search | Cast Iron Radiators | AI Max,05 - Cast Iron Radiators By Size & Fit,3 column cast iron radiators,Phrase,Enabled,0
UK | Search | Cast Iron Radiators | AI Max,05 - Cast Iron Radiators By Size & Fit,4 column cast iron radiators,Phrase,Enabled,0
UK | Search | Cast Iron Radiators | AI Max,06 - Electric Cast Iron Radiators (conditional),electric cast iron radiator,Exact,Enabled,390
UK | Search | Cast Iron Radiators | AI Max,06 - Electric Cast Iron Radiators (conditional),electric cast iron radiators,Phrase,Enabled,390
UK | Search | Cast Iron Radiators | AI Max,06 - Electric Cast Iron Radiators (conditional),cast iron electric radiators,Phrase,Enabled,390
UK | Search | Cast Iron Radiators | AI Max,06 - Electric Cast Iron Radiators (conditional),electric radiators cast iron,Phrase,Enabled,10
UK | Search | Cast Iron Radiators | AI Max,06 - Electric Cast Iron Radiators (conditional),cast iron oil filled electric radiators,Phrase,Enabled,10
UK | Search | Cast Iron Radiators | AI Max,06 - Electric Cast Iron Radiators (conditional),oil filled cast iron radiator,Phrase,Enabled,10
UK | Search | Cast Iron Radiators | AI Max,06 - Electric Cast Iron Radiators (conditional),dual fuel cast iron radiators,Phrase,Enabled,0
